a1,d,item,question,group,id
1.23153663286785,0.405386121545573,gę gę,"ODGŁOSY I WYKRZYKNIKI:",mowa,gę gę
1.35406200546256,2.89059092481739,hau hau,"ODGŁOSY I WYKRZYKNIKI:",mowa,hau hau
1.22859718305249,2.12669603180681,ko ko ko,"ODGŁOSY I WYKRZYKNIKI:",mowa,ko ko ko
1.52967696470878,1.49584640681154,kwa kwa,"ODGŁOSY I WYKRZYKNIKI:",mowa,kwa kwa
1.39367409204264,2.77453368013275,miau,"ODGŁOSY I WYKRZYKNIKI:",mowa,miau
1.29981634640067,1.64132932972004,mee/bee,"ODGŁOSY I WYKRZYKNIKI:",mowa,mee/bee
1.38381728208305,2.47809764965325,muu [krowa],"ODGŁOSY I WYKRZYKNIKI:",mowa,muu [krowa]
1.12729165514918,0.715494591522753,pi pi pi/ćwir ćwir,"ODGŁOSY I WYKRZYKNIKI:",mowa,pi pi pi/ćwir ćwir
0.755357556773473,1.38614936975899,bam/bum/bęc,"ODGŁOSY I WYKRZYKNIKI:",mowa,bam/bum/bęc
0.818192755623418,1.58198139692173,brrum brrum [auto],"ODGŁOSY I WYKRZYKNIKI:",mowa,brrum brrum [auto]
1.58517602748706,0.771689428479506,tik tak,"ODGŁOSY I WYKRZYKNIKI:",mowa,tik tak
1.13676011410023,0.840194316497386,tralala/lalala,"ODGŁOSY I WYKRZYKNIKI:",mowa,tralala/lalala
2.43211721310919,-0.219279791238718,baran,"ZWIERZĘTA – PRAWDZIWE LUB ZABAWKOWE:",mowa,baran
3.62903846917328,0.136959401725149,biedronka,"ZWIERZĘTA – PRAWDZIWE LUB ZABAWKOWE:",mowa,biedronka
2.94398714416877,-0.313972582870656,bocian,"ZWIERZĘTA – PRAWDZIWE LUB ZABAWKOWE:",mowa,bocian
2.55949925309368,-0.766853881347898,foka,"ZWIERZĘTA – PRAWDZIWE LUB ZABAWKOWE:",mowa,foka
2.12480314166845,-0.640266261728421,gęś,"ZWIERZĘTA – PRAWDZIWE LUB ZABAWKOWE:",mowa,gęś
2.58820630512152,-0.779245024885349,gołąb,"ZWIERZĘTA – PRAWDZIWE LUB ZABAWKOWE:",mowa,gołąb
2.90376401003116,-0.541794966728896,jeż,"ZWIERZĘTA – PRAWDZIWE LUB ZABAWKOWE:",mowa,jeż
2.61737431902385,1.1583004780664,kaczka,"ZWIERZĘTA – PRAWDZIWE LUB ZABAWKOWE:",mowa,kaczka
2.35904415533252,0.077637823950253,kogut,"ZWIERZĘTA – PRAWDZIWE LUB ZABAWKOWE:",mowa,kogut
2.76930679041859,1.7333221652996,koń,"ZWIERZĘTA – PRAWDZIWE LUB ZABAWKOWE:",mowa,koń
2.57976690273415,3.09748948808309,kot,"ZWIERZĘTA – PRAWDZIWE LUB ZABAWKOWE:",mowa,kot
2.69377556311625,-0.130897390000562,koza,"ZWIERZĘTA – PRAWDZIWE LUB ZABAWKOWE:",mowa,koza
2.76030579518968,1.74913435665966,krowa,"ZWIERZĘTA – PRAWDZIWE LUB ZABAWKOWE:",mowa,krowa
3.17751448867569,0.058718566374667,królik,"ZWIERZĘTA – PRAWDZIWE LUB ZABAWKOWE:",mowa,królik
2.67211083871844,1.81174272240671,kura,"ZWIERZĘTA – PRAWDZIWE LUB ZABAWKOWE:",mowa,kura
2.12124409012002,-1.28461490143525,kurczątko,"ZWIERZĘTA – PRAWDZIWE LUB ZABAWKOWE:",mowa,kurczątko
2.84923410675606,0.483166160412695,lew,"ZWIERZĘTA – PRAWDZIWE LUB ZABAWKOWE:",mowa,lew
2.72873249195592,-0.223903446823803,lis,"ZWIERZĘTA – PRAWDZIWE LUB ZABAWKOWE:",mowa,lis
3.08067185404216,0.401937044386609,małpa,"ZWIERZĘTA – PRAWDZIWE LUB ZABAWKOWE:",mowa,małpa
2.42453551680285,1.21435129190141,miś/niedźwiedź,"ZWIERZĘTA – PRAWDZIWE LUB ZABAWKOWE:",mowa,miś/niedźwiedź
3.75499757902802,0.068231990212832,motylek,"ZWIERZĘTA – PRAWDZIWE LUB ZABAWKOWE:",mowa,motylek
3.6310137987456,-0.83675739290668,mrówka,"ZWIERZĘTA – PRAWDZIWE LUB ZABAWKOWE:",mowa,mrówka
3.10073066898053,1.26724781049404,mucha,"ZWIERZĘTA – PRAWDZIWE LUB ZABAWKOWE:",mowa,mucha
3.42383861411088,0.620969348984904,myszka,"ZWIERZĘTA – PRAWDZIWE LUB ZABAWKOWE:",mowa,myszka
3.44837618878717,-0.382399950815536,pająk,"ZWIERZĘTA – PRAWDZIWE LUB ZABAWKOWE:",mowa,pająk
2.47817449735298,2.51828525823823,pies,"ZWIERZĘTA – PRAWDZIWE LUB ZABAWKOWE:",mowa,pies
3.04750614975362,-1.08476123736443,pingwin,"ZWIERZĘTA – PRAWDZIWE LUB ZABAWKOWE:",mowa,pingwin
3.17776210822412,0.892597341082178,ptaszek,"ZWIERZĘTA – PRAWDZIWE LUB ZABAWKOWE:",mowa,ptaszek
3.67208065862463,-0.279906602373424,robak,"ZWIERZĘTA – PRAWDZIWE LUB ZABAWKOWE:",mowa,robak
3.49066550101065,1.49858493327883,ryba,"ZWIERZĘTA – PRAWDZIWE LUB ZABAWKOWE:",mowa,ryba
3.25649934992096,0.517969549974105,słoń,"ZWIERZĘTA – PRAWDZIWE LUB ZABAWKOWE:",mowa,słoń
2.61792771307507,-0.31837285804706,sowa,"ZWIERZĘTA – PRAWDZIWE LUB ZABAWKOWE:",mowa,sowa
3.70230176813618,-0.268564407249544,ślimak,"ZWIERZĘTA – PRAWDZIWE LUB ZABAWKOWE:",mowa,ślimak
3.02523781265961,0.53218395974995,świnka,"ZWIERZĘTA – PRAWDZIWE LUB ZABAWKOWE:",mowa,świnka
2.96670444553488,-0.623659901707515,tygrys,"ZWIERZĘTA – PRAWDZIWE LUB ZABAWKOWE:",mowa,tygrys
2.86559706754047,-0.443841631669628,wąż,"ZWIERZĘTA – PRAWDZIWE LUB ZABAWKOWE:",mowa,wąż
3.47511647773119,-0.990924924711679,wiewiórka,"ZWIERZĘTA – PRAWDZIWE LUB ZABAWKOWE:",mowa,wiewiórka
2.97061635784921,-0.702213575032047,wilk,"ZWIERZĘTA – PRAWDZIWE LUB ZABAWKOWE:",mowa,wilk
3.4421216294726,-0.719686522788883,zając,"ZWIERZĘTA – PRAWDZIWE LUB ZABAWKOWE:",mowa,zając
3.89763704332939,-1.31166876334735,zwierzątko,"ZWIERZĘTA – PRAWDZIWE LUB ZABAWKOWE:",mowa,zwierzątko
3.13461775174427,1.11990338063797,żaba,"ZWIERZĘTA – PRAWDZIWE LUB ZABAWKOWE:",mowa,żaba
3.34938443805285,-0.450672772046264,żółw,"ZWIERZĘTA – PRAWDZIWE LUB ZABAWKOWE:",mowa,żółw
3.35864021447064,-0.431471171808061,żyrafa,"ZWIERZĘTA – PRAWDZIWE LUB ZABAWKOWE:",mowa,żyrafa
2.79544750059742,3.88165394195483,auto/samochód,"POJAZDY – PRAWDZIWE LUB ZABAWKOWE:",mowa,auto/samochód 
2.88718149574372,0.659704679054082,autobus,"POJAZDY – PRAWDZIWE LUB ZABAWKOWE:",mowa,autobus
2.03914438617455,-0.800419527083569,ciężarówka,"POJAZDY – PRAWDZIWE LUB ZABAWKOWE:",mowa,ciężarówka
2.25720651285996,-0.896030530466023,helikopter,"POJAZDY – PRAWDZIWE LUB ZABAWKOWE:",mowa,helikopter
2.33653790020002,0.009538072789056,koparka,"POJAZDY – PRAWDZIWE LUB ZABAWKOWE:",mowa,koparka
1.73868838348144,-0.778923866020992,lokomotywa,"POJAZDY – PRAWDZIWE LUB ZABAWKOWE:",mowa,lokomotywa
3.06798384926188,0.500910918071265,motor/motocykl,"POJAZDY – PRAWDZIWE LUB ZABAWKOWE:",mowa,motor/motocykl
2.67902884468967,1.00723743652814,pociąg,"POJAZDY – PRAWDZIWE LUB ZABAWKOWE:",mowa,pociąg
2.01465284112338,-0.275578011415315,pogotowie/karetka,"POJAZDY – PRAWDZIWE LUB ZABAWKOWE:",mowa,pogotowie/karetka 
3.8580483345073,1.28683294662729,rower,"POJAZDY – PRAWDZIWE LUB ZABAWKOWE:",mowa,rower
3.57243769743369,1.16025952990086,samolot,"POJAZDY – PRAWDZIWE LUB ZABAWKOWE:",mowa,samolot 
3.46163931322694,-0.465727582956172,statek,"POJAZDY – PRAWDZIWE LUB ZABAWKOWE:",mowa,statek
2.23752087857365,0.66011240738875,traktor,"POJAZDY – PRAWDZIWE LUB ZABAWKOWE:",mowa,traktor
2.03041686746591,-1.21156995895761,tramwaj,"POJAZDY – PRAWDZIWE LUB ZABAWKOWE:",mowa,tramwaj
3.70020606357734,2.10108990101708,banan,"POKARMY I NAPOJE:",mowa,banan
2.66698655270038,-2.11934663773654,barszcz,"POKARMY I NAPOJE:",mowa,barszcz
2.84885099265082,-0.62806037274141,batonik,"POKARMY I NAPOJE:",mowa,batonik
3.03662073396851,-0.838683716092321,budyń,"POKARMY I NAPOJE:",mowa,budyń
3.69962305651494,1.91399444170259,bułka,"POKARMY I NAPOJE:",mowa,bułka
3.68210177818748,-1.52369506957368,buraczki,"POKARMY I NAPOJE:",mowa,buraczki
3.97508974323172,-0.772669094167907,cebula,"POKARMY I NAPOJE:",mowa,cebula
4.1125688647894,1.83946621541367,chleb,"POKARMY I NAPOJE:",mowa,chleb
3.42208897178705,0.779140547546511,chrupki,"POKARMY I NAPOJE:",mowa,chrupki
3.05837599965089,0.233199872834769,ciasto,"POKARMY I NAPOJE:",mowa,ciasto
3.37093670672316,1.01697802278329,ciastko,"POKARMY I NAPOJE:",mowa,ciastko 
3.63831129378737,-0.397590304638156,cukier,"POKARMY I NAPOJE:",mowa,cukier
2.96341667835323,0.559950806736195,cukierek,"POKARMY I NAPOJE:",mowa,cukierek
3.95911330441282,0.725865478721095,czekolada,"POKARMY I NAPOJE:",mowa,czekolada
3.07257195987205,-0.711586460077115,dżem,"POKARMY I NAPOJE:",mowa,dżem 
3.51004532347263,-1.63875290293324,galaretka,"POKARMY I NAPOJE:",mowa,galaretka
3.30824297556573,-1.67093305244085,groszek,"POKARMY I NAPOJE:",mowa,groszek
3.29298452828151,-1.26149594915336,grzyby,"POKARMY I NAPOJE:",mowa,grzyby
2.1996730154109,-0.851104045448829,guma do żucia,"POKARMY I NAPOJE:",mowa,guma do żucia 
3.53497488214075,0.783566978839159,herbata,"POKARMY I NAPOJE:",mowa,herbata
4.49221693896322,1.96710595205101,jabłko,"POKARMY I NAPOJE:",mowa,jabłko
3.33265303443516,2.67879623744881,jajko,"POKARMY I NAPOJE:",mowa,jajko
1.87939182091838,1.68973662801311,jedzenie/papu/am,"POKARMY I NAPOJE:",mowa,jedzenie/papu/am
3.40869691212396,-0.016167915035316,jogurt,"POKARMY I NAPOJE:",mowa,jogurt
2.6254766313341,-0.493398730067346,kakao,"POKARMY I NAPOJE:",mowa,kakao
3.8536914446551,-0.285180715847998,kanapka/kromka,"POKARMY I NAPOJE:",mowa,kanapka/kromka
4.33910100436814,-1.89526710419553,kapusta,"POKARMY I NAPOJE:",mowa,kapusta
2.59032495791848,0.06526257821868,kaszka,"POKARMY I NAPOJE:",mowa,kaszka
3.00121575666392,0.404447110232429,kawa,"POKARMY I NAPOJE:",mowa,kawa
3.50304586391642,-0.233744584969714,ketchup,"POKARMY I NAPOJE:",mowa,ketchup
3.87694465126956,0.093445338913773,kiełbasa,"POKARMY I NAPOJE:",mowa,kiełbasa
4.21530753845225,-0.629203114307833,kotlet,"POKARMY I NAPOJE:",mowa,kotlet
3.8520863108488,-0.576788953916488,kurczak,"POKARMY I NAPOJE:",mowa,kurczak
3.61360255134113,0.755635003584504,lizak,"POKARMY I NAPOJE:",mowa,lizak
3.82831244888529,1.16514047077635,lody,"POKARMY I NAPOJE:",mowa,lody
4.54306355044138,-0.106104675107256,makaron/kluski,"POKARMY I NAPOJE:",mowa,makaron/kluski 
3.29833395821395,-1.57515129489398,mandarynka,"POKARMY I NAPOJE:",mowa,mandarynka
5.01826119703913,0.017354067181497,marchewka,"POKARMY I NAPOJE:",mowa,marchewka
4.51249720776956,-0.463814523806377,masło/margaryna,"POKARMY I NAPOJE:",mowa,masło/margaryna 
4.25764067956658,0.29736749573138,mięso,"POKARMY I NAPOJE:",mowa,mięso
3.35044062048496,-1.47592616731346,miód,"POKARMY I NAPOJE:",mowa,miód
3.82736958090768,1.88057216873059,mleko,"POKARMY I NAPOJE:",mowa,mleko
3.93961748063419,-1.10888276395982,naleśniki,"POKARMY I NAPOJE:",mowa,naleśniki
4.26166994074986,-2.03765117144525,orzechy,"POKARMY I NAPOJE:",mowa,orzechy
4.15788188339051,0.17257248702517,ogórek,"POKARMY I NAPOJE:",mowa,ogórek
4.14716592013551,-0.049569353800949,paluszki,"POKARMY I NAPOJE:",mowa,paluszki
4.25186354931358,0.570919777900291,parówka/kiełbaska,"POKARMY I NAPOJE:",mowa,parówka/kiełbaska 
2.6313574079867,1.94796272843429,picie,"POKARMY I NAPOJE:",mowa,picie
3.48772587051371,-1.3535642427103,pierogi,"POKARMY I NAPOJE:",mowa,pierogi
3.66830040997772,-1.3581575483224,placek,"POKARMY I NAPOJE:",mowa,placek
4.05554152933127,-1.59842353321413,pomarańcza,"POKARMY I NAPOJE:",mowa,pomarańcza
4.54058182648476,0.138966863434224,pomidor,"POKARMY I NAPOJE:",mowa,pomidor
3.26761483759485,-2.34303556677818,rodzynki,"POKARMY I NAPOJE:",mowa,rodzynki
3.96716995014019,-0.474824940042721,rosół,"POKARMY I NAPOJE:",mowa,rosół
3.49842900186954,0.731315771925122,ryba,"POKARMY I NAPOJE:",mowa,ryba
3.702975603066,-0.920795286233232,ryż,"POKARMY I NAPOJE:",mowa,ryż
4.08689318335338,0.346090740643925,ser,"POKARMY I NAPOJE:",mowa,ser
3.63459626253009,1.409687832074,sok,"POKARMY I NAPOJE:",mowa,sok
3.12741148385706,-0.825519197911689,sos,"POKARMY I NAPOJE:",mowa,sos
3.56142730639133,-0.880174948574227,sól,"POKARMY I NAPOJE:",mowa,sól
3.70970738994746,-0.948889125413496,szynka,"POKARMY I NAPOJE:",mowa,szynka
4.5083879310712,-0.773598981018046,truskawki,"POKARMY I NAPOJE:",mowa,truskawki
3.5560829483389,-2.10076293102144,witaminy,"POKARMY I NAPOJE:",mowa,witaminy
3.4435333518315,1.5170114989837,woda,"POKARMY I NAPOJE:",mowa,woda
4.57790230863176,-0.096181774810037,ziemniaki/kartofle,"POKARMY I NAPOJE:",mowa,ziemniaki/kartofle 
4.58840883935091,1.85112408997856,zupa,"POKARMY I NAPOJE:",mowa,zupa
3.5787465765974,2.74517620527432,bajka,"ZABAWKI:",mowa,bajka
3.87300648756532,1.32781870412762,balonik,"ZABAWKI:",mowa,balonik
3.62066804166078,-0.817502586440024,grabki,"ZABAWKI:",mowa,grabki
3.35634564972435,-0.431259232026096,gumka,"ZABAWKI:",mowa,gumka
4.97584698525356,0.144010788431614,kartka/papier,"ZABAWKI:",mowa,kartka/papier
4.79195861947538,2.25827253618578,klocki,"ZABAWKI:",mowa,klocki
4.71594379242016,1.51394384725926,kredki,"ZABAWKI:",mowa,kredki
5.00139274298357,1.00236807170492,książka,"ZABAWKI:",mowa,książka
2.02896942018819,1.61612252139215,lalka,"ZABAWKI:",mowa,lalka
4.8006745078682,-0.01758175275434,łopatka,"ZABAWKI:",mowa,łopatka
5.24457582360561,-1.12618958142895,obrazek,"ZABAWKI:",mowa,obrazek
3.45839974940574,-0.957570172370517,ołówek,"ZABAWKI:",mowa,ołówek
3.49929864216709,2.8784462757486,piłka,"ZABAWKI:",mowa,piłka
3.33924833510209,0.220416258892231,pisak/długopis,"ZABAWKI:",mowa,pisak/długopis 
5.31919922465044,-0.994050627759792,prezent,"ZABAWKI:",mowa,prezent
2.04762398447514,0.497325455381776,smoczek,"ZABAWKI:",mowa,smoczek
5.30792188505398,-0.078741227500999,wiaderko,"ZABAWKI:",mowa,wiaderko
5.35468651130688,0.604674488464502,zabawka,"ZABAWKI:",mowa,zabawka
4.83226116975084,0.369947615172079,bluzka,"UBRANIA:",mowa,bluzka
3.8733498222176,3.0043155779369,buty,"UBRANIA:",mowa,buty
3.76223847792013,-1.5313605952649,chustka,"UBRANIA:",mowa,chustka
4.6345727484278,2.44950163493627,czapka,"UBRANIA:",mowa,czapka
3.91001825420753,-0.501420644100034,guzik,"UBRANIA:",mowa,guzik
4.05387587416793,-0.398514385183433,kalosze/gumowce,"UBRANIA:",mowa,kalosze/gumowce 
3.90952381357527,-1.36270561475025,kapelusz,"UBRANIA:",mowa,kapelusz
4.84030157670103,-0.887982232556476,kieszeń,"UBRANIA:",mowa,kieszeń
4.11013586934356,-1.31085597881252,koszula,"UBRANIA:",mowa,koszula
5.65038553015863,1.42661375716317,kurtka,"UBRANIA:",mowa,kurtka
4.70994630763015,0.470668673252603,majtki,"UBRANIA:",mowa,majtki
3.39324315931609,-0.317458948815944,pantofle/kapcie,"UBRANIA:",mowa,pantofle/kapcie 
3.66467770451939,-1.28432005148558,pasek,"UBRANIA:",mowa,pasek
3.68642330167451,0.850467934101515,pieluszka/pampers,"UBRANIA:",mowa,pieluszka/pampers
4.57699576116311,-0.049820731697885,piżama,"UBRANIA:",mowa,piżama
4.18863521642062,-0.572688564804242,rajstopy/rajtuzy,"UBRANIA:",mowa,rajstopy/rajtuzy 
4.34200341873561,-0.39034492664929,rękawiczki,"UBRANIA:",mowa,rękawiczki
4.83990613821573,1.21583588636128,skarpetki,"UBRANIA:",mowa,skarpetki
5.18172612391356,1.05307626733837,spodnie,"UBRANIA:",mowa,spodnie
3.90713477244163,-1.04517766590586,sukienka,"UBRANIA:",mowa,sukienka
4.73351640008857,-1.05724743310662,sweter,"UBRANIA:",mowa,sweter
4.54447866618591,-0.435384148207842,szalik,"UBRANIA:",mowa,szalik
3.04931684823548,-1.62280966070594,śliniaczek,"UBRANIA:",mowa,śliniaczek
4.8276954575092,-0.402245692829121,ubranie,"UBRANIA:",mowa,ubranie
3.60694535534882,-0.280656130831073,broda,"CZĘŚCI CIAŁA:",mowa,broda
5.60003823145816,2.51438101563339,brzuch,"CZĘŚCI CIAŁA:",mowa,brzuch
4.46619671510883,2.02713392930576,buzia,"CZĘŚCI CIAŁA:",mowa,buzia
3.88097823352817,0.124761904384788,czoło,"CZĘŚCI CIAŁA:",mowa,czoło
3.93965118143904,-1.05695569114245,gardło,"CZĘŚCI CIAŁA:",mowa,gardło
5.77246146748231,2.33080357430546,głowa,"CZĘŚCI CIAŁA:",mowa,głowa
4.64293242796958,0.137498042304865,język,"CZĘŚCI CIAŁA:",mowa,język
5.22002511659801,0.077801267663427,kolano,"CZĘŚCI CIAŁA:",mowa,kolano
3.52692176811316,-1.54932145282486,krew,"CZĘŚCI CIAŁA:",mowa,krew
3.4433076001355,-1.96826698028666,łokieć,"CZĘŚCI CIAŁA:",mowa,łokieć
5.26835905182096,2.63208073908337,noga,"CZĘŚCI CIAŁA:",mowa,noga
4.05461615034575,3.28195340263751,nos,"CZĘŚCI CIAŁA:",mowa,nos
3.39086716341279,3.35796139811138,oko,"CZĘŚCI CIAŁA:",mowa,oko
5.16059232227711,1.25464983598281,palec,"CZĘŚCI CIAŁA:",mowa,palec
5.30700511435012,-0.913302382520211,paznokcie/pazurki,"CZĘŚCI CIAŁA:",mowa,paznokcie/pazurki 
3.39104499819432,0.842268494271589,pępek,"CZĘŚCI CIAŁA:",mowa,pępek
4.92090599005456,-0.115675845664206,plecy,"CZĘŚCI CIAŁA:",mowa,plecy
4.3566239561544,-0.863179383305133,policzek,"CZĘŚCI CIAŁA:",mowa,policzek
3.46739803627634,2.49938386276319,pupa,"CZĘŚCI CIAŁA:",mowa,pupa
5.59517718390144,1.96680414542588,ręka,"CZĘŚCI CIAŁA:",mowa,ręka
3.69762199101315,-1.27070222927531,serce,"CZĘŚCI CIAŁA:",mowa,serce
4.06323117831148,-2.12509416763062,skóra,"CZĘŚCI CIAŁA:",mowa,skóra
4.12916391611522,-0.143790985757165,szyja,"CZĘŚCI CIAŁA:",mowa,szyja
4.26705231670408,2.37992291644105,ucho,"CZĘŚCI CIAŁA:",mowa,ucho
5.4449034744483,2.06717479005979,włosy,"CZĘŚCI CIAŁA:",mowa,włosy
5.33473668282603,1.14664328614616,ząb,"CZĘŚCI CIAŁA:",mowa,ząb
3.01093390569419,-0.998015375366702,balkon,"W DOMU — POMIESZCZENIA, SPRZĘTY I MEBLE:",mowa,balkon
3.42032585154589,-0.799134523848191,dach,"W DOMU — POMIESZCZENIA, SPRZĘTY I MEBLE:",mowa,dach
4.60363490956018,2.119671375362,drzwi,"W DOMU — POMIESZCZENIA, SPRZĘTY I MEBLE:",mowa,drzwi
4.81100212467001,-0.260191417686242,dywan,"W DOMU — POMIESZCZENIA, SPRZĘTY I MEBLE:",mowa,dywan
3.93005404856918,-1.3301684886788,firanka/zasłona,"W DOMU — POMIESZCZENIA, SPRZĘTY I MEBLE:",mowa,firanka/zasłona
4.35907116199679,-0.16827503976918,fotel,"W DOMU — POMIESZCZENIA, SPRZĘTY I MEBLE:",mowa,fotel
3.86356427932881,-2.30181534549897,korytarz/przedpokój,"W DOMU — POMIESZCZENIA, SPRZĘTY I MEBLE:",mowa,korytarz/przedpokój 
4.08587928296051,-1.03077664910578,kran,"W DOMU — POMIESZCZENIA, SPRZĘTY I MEBLE:",mowa,kran
5.11548622432194,0.916272910094518,krzesło,"W DOMU — POMIESZCZENIA, SPRZĘTY I MEBLE:",mowa,krzesło
5.82008898582809,0.429311865810169,kuchnia,"W DOMU — POMIESZCZENIA, SPRZĘTY I MEBLE:",mowa,kuchnia
5.38489293855565,0.040098310482213,lodówka,"W DOMU — POMIESZCZENIA, SPRZĘTY I MEBLE:",mowa,lodówka
5.54085057458688,0.048859373473308,łazienka,"W DOMU — POMIESZCZENIA, SPRZĘTY I MEBLE:",mowa,łazienka
5.68005357773565,1.27819539398018,łóżko,"W DOMU — POMIESZCZENIA, SPRZĘTY I MEBLE:",mowa,łóżko
3.99591922030619,-0.081446806788485,odkurzacz,"W DOMU — POMIESZCZENIA, SPRZĘTY I MEBLE:",mowa,odkurzacz
4.48198070940438,1.57212015683877,okno,"W DOMU — POMIESZCZENIA, SPRZĘTY I MEBLE:",mowa,okno
5.87924847821479,-0.760614048393432,podłoga,"W DOMU — POMIESZCZENIA, SPRZĘTY I MEBLE:",mowa,podłoga
5.9914550909177,0.371125159017118,pokój,"W DOMU — POMIESZCZENIA, SPRZĘTY I MEBLE:",mowa,pokój
4.54426638310488,-2.12437805673869,półka/regał,"W DOMU — POMIESZCZENIA, SPRZĘTY I MEBLE:",mowa,półka/regał 
5.05735466583506,0.13572148592055,pralka,"W DOMU — POMIESZCZENIA, SPRZĘTY I MEBLE:",mowa,pralka
3.95089948880169,-1.39384710532238,prysznic,"W DOMU — POMIESZCZENIA, SPRZĘTY I MEBLE:",mowa,prysznic
5.73546028071283,0.046150957472032,schody,"W DOMU — POMIESZCZENIA, SPRZĘTY I MEBLE:",mowa,schody
3.67938868927147,-1.56469327347172,stołek,"W DOMU — POMIESZCZENIA, SPRZĘTY I MEBLE:",mowa,stołek
5.90172583412494,1.21625497269539,stół,"W DOMU — POMIESZCZENIA, SPRZĘTY I MEBLE:",mowa,stół
4.06798874945233,-2.09551682225266,sufit,"W DOMU — POMIESZCZENIA, SPRZĘTY I MEBLE:",mowa,sufit
5.53689094038211,-0.09787876109878,szafa,"W DOMU — POMIESZCZENIA, SPRZĘTY I MEBLE:",mowa,szafa
4.87440226421616,-1.83710319434038,szuflada,"W DOMU — POMIESZCZENIA, SPRZĘTY I MEBLE:",mowa,szuflada
5.47779751439787,-0.932772808222335,ściana,"W DOMU — POMIESZCZENIA, SPRZĘTY I MEBLE:",mowa,ściana
4.49157883859077,0.777096225028107,telewizor,"W DOMU — POMIESZCZENIA, SPRZĘTY I MEBLE:",mowa,telewizor
3.31494170726959,-0.947695320627711,ubikacja/ustęp,"W DOMU — POMIESZCZENIA, SPRZĘTY I MEBLE:",mowa,ubikacja/ustęp
4.11898511682098,0.105269030740469,wanna,"W DOMU — POMIESZCZENIA, SPRZĘTY I MEBLE:",mowa,wanna
4.65534420618203,1.06911923481514,wózek,"W DOMU — POMIESZCZENIA, SPRZĘTY I MEBLE:",mowa,wózek
3.73411526338165,-0.985297529115992,aparat/kamera,"PRZEDMIOTY DOMOWEGO UŻYTKU:",mowa,aparat/kamera
4.38888518528232,1.26960139705809,butelka,"PRZEDMIOTY DOMOWEGO UŻYTKU:",mowa,butelka
4.01720157026219,-1.11712506784296,czajnik,"PRZEDMIOTY DOMOWEGO UŻYTKU:",mowa,czajnik
4.17236841946481,-1.59586666930482,deska,"PRZEDMIOTY DOMOWEGO UŻYTKU:",mowa,deska
5.16234871948982,-0.418358925241088,garnek,"PRZEDMIOTY DOMOWEGO UŻYTKU:",mowa,garnek
4.69828521239844,-0.88737351313585,gazeta,"PRZEDMIOTY DOMOWEGO UŻYTKU:",mowa,gazeta
3.87989067188241,-0.978906345797825,grzebień,"PRZEDMIOTY DOMOWEGO UŻYTKU:",mowa,grzebień
3.55789636937909,-2.02387554301056,igła,"PRZEDMIOTY DOMOWEGO UŻYTKU:",mowa,igła
4.63087671552121,0.913226834843553,klucz,"PRZEDMIOTY DOMOWEGO UŻYTKU:",mowa,klucz
4.26204687971933,0.934730460930059,koc/kołdra,"PRZEDMIOTY DOMOWEGO UŻYTKU:",mowa,koc/kołdra
4.53680191972774,-1.29094234081564,koszyk,"PRZEDMIOTY DOMOWEGO UŻYTKU:",mowa,koszyk
4.86274188405833,1.22647780645805,kubek,"PRZEDMIOTY DOMOWEGO UŻYTKU:",mowa,kubek
3.67286043421235,0.372870853435114,lampa,"PRZEDMIOTY DOMOWEGO UŻYTKU:",mowa,lampa
4.43326885786494,-1.10880495430487,lekarstwa/tabletki,"PRZEDMIOTY DOMOWEGO UŻYTKU:",mowa,lekarstwa/tabletki 
5.39016494968176,-0.469250573245206,lustro,"PRZEDMIOTY DOMOWEGO UŻYTKU:",mowa,lustro
5.5592461430628,1.15531330734226,łyżka,"PRZEDMIOTY DOMOWEGO UŻYTKU:",mowa,łyżka
3.1464869744932,-1.01456853482802,miotła,"PRZEDMIOTY DOMOWEGO UŻYTKU:",mowa,miotła
4.42687866534138,0.015168278924857,miska,"PRZEDMIOTY DOMOWEGO UŻYTKU:",mowa,miska
4.10276069188146,-1.19554624953952,młotek,"PRZEDMIOTY DOMOWEGO UŻYTKU:",mowa,młotek
4.90879233093728,0.441148997484145,mydło,"PRZEDMIOTY DOMOWEGO UŻYTKU:",mowa,mydło
3.39407364412797,-2.07358692048986,nici,"PRZEDMIOTY DOMOWEGO UŻYTKU:",mowa,nici
4.01509638141015,0.734865486927997,nocnik,"PRZEDMIOTY DOMOWEGO UŻYTKU:",mowa,nocnik
4.68105997552155,-0.578751337838478,nożyczki,"PRZEDMIOTY DOMOWEGO UŻYTKU:",mowa,nożyczki
3.77245436669776,0.242749132625635,nóż,"PRZEDMIOTY DOMOWEGO UŻYTKU:",mowa,nóż
4.86388886623923,-1.61845760169626,obraz,"PRZEDMIOTY DOMOWEGO UŻYTKU:",mowa,obraz
4.55724673759119,0.624133085067891,okulary,"PRZEDMIOTY DOMOWEGO UŻYTKU:",mowa,okulary
4.50525662729054,-0.278882297301001,pieniądze,"PRZEDMIOTY DOMOWEGO UŻYTKU:",mowa,pieniądze
5.1537855689721,0.446148660284411,poduszka,"PRZEDMIOTY DOMOWEGO UŻYTKU:",mowa,poduszka
6.15948895430541,-1.57033858016873,pudełko,"PRZEDMIOTY DOMOWEGO UŻYTKU:",mowa,pudełko
3.58947968562908,-0.850914047674228,radio,"PRZEDMIOTY DOMOWEGO UŻYTKU:",mowa,radio
5.89314396185539,-0.275647941464188,ręcznik,"PRZEDMIOTY DOMOWEGO UŻYTKU:",mowa,ręcznik
5.23470942206664,-2.17194999143543,słoik,"PRZEDMIOTY DOMOWEGO UŻYTKU:",mowa,słoik
4.60764366973219,-0.49779322334088,syrop,"PRZEDMIOTY DOMOWEGO UŻYTKU:",mowa,syrop
4.32303218083854,-0.030135752901894,szczoteczka do zębów,"PRZEDMIOTY DOMOWEGO UŻYTKU:",mowa,szczoteczka do zębów
4.44072619882779,-0.763927210368653,szczotka,"PRZEDMIOTY DOMOWEGO UŻYTKU:",mowa,szczotka
4.70551752653801,-0.543736962337126,szklanka,"PRZEDMIOTY DOMOWEGO UŻYTKU:",mowa,szklanka
4.72109497450051,-1.57096457341552,szmata/ścierka,"PRZEDMIOTY DOMOWEGO UŻYTKU:",mowa,szmata/ścierka 
4.82002264076575,-2.31445637943475,sznurek,"PRZEDMIOTY DOMOWEGO UŻYTKU:",mowa,sznurek
4.48657510526935,0.494362529111547,śmieci,"PRZEDMIOTY DOMOWEGO UŻYTKU:",mowa,śmieci
5.27436137834611,0.125697291847512,talerz,"PRZEDMIOTY DOMOWEGO UŻYTKU:",mowa,talerz
3.52211914651906,1.47871265886873,telefon/komórka,"PRZEDMIOTY DOMOWEGO UŻYTKU:",mowa,telefon/komórka
4.12314742008713,-1.93466705158139,termometr,"PRZEDMIOTY DOMOWEGO UŻYTKU:",mowa,termometr
5.08978532203672,-0.562763362449178,torebka,"PRZEDMIOTY DOMOWEGO UŻYTKU:",mowa,torebka
5.51438418823152,-0.244433012160642,widelec,"PRZEDMIOTY DOMOWEGO UŻYTKU:",mowa,widelec
3.60734921612092,-1.85324034008722,zapałki,"PRZEDMIOTY DOMOWEGO UŻYTKU:",mowa,zapałki
5.08837456786318,-0.643203257888107,zdjęcie/fotografia,"PRZEDMIOTY DOMOWEGO UŻYTKU:",mowa,zdjęcie/fotografia 
4.12054861048507,0.091254271449095,zegarek,"PRZEDMIOTY DOMOWEGO UŻYTKU:",mowa,zegarek
3.96604718365099,-1.39824212078773,żelazko,"PRZEDMIOTY DOMOWEGO UŻYTKU:",mowa,żelazko
3.73002232030104,-1.06104215987809,bałwan,"NA DWORZE:",mowa,bałwan
3.99050392184215,-0.537227824513709,błoto,"NA DWORZE:",mowa,błoto
3.96442525627642,0.132294871373851,burza,"NA DWORZE:",mowa,burza
4.77864721710963,-0.393636059209787,deszcz,"NA DWORZE:",mowa,deszcz
4.29909927161377,1.87358863139584,chmura,"NA DWORZE:",mowa,chmura
4.32897714087087,-1.58849296008425,drabina,"NA DWORZE:",mowa,drabina
4.56975762254766,-0.19399560975519,droga,"NA DWORZE:",mowa,droga
5.46380127616519,1.2625400904161,drzewo,"NA DWORZE:",mowa,drzewo
4.0150445221557,-2.56151351720948,gałąź,"NA DWORZE:",mowa,gałąź
4.75855723448754,-0.662516541342856,gwiazda,"NA DWORZE:",mowa,gwiazda
3.42491215427943,0.968149036894176,huśtawka,"NA DWORZE:",mowa,huśtawka
5.8579279475655,0.151035968151812,kamień,"NA DWORZE:",mowa,kamień
4.46930868170917,0.086131544846502,kijek/patyk,"NA DWORZE:",mowa,kijek/patyk
4.2177510406898,-0.381755556914648,księżyc,"NA DWORZE:",mowa,księżyc
4.9271182742409,1.4459286741319,kwiatek,"NA DWORZE:",mowa,kwiatek
5.16693053291785,0.036485937195788,listek,"NA DWORZE:",mowa,listek
3.69219583041769,-1.36521279682054,most,"NA DWORZE:",mowa,most
3.44008217914788,-2.34009043509393,mróz,"NA DWORZE:",mowa,mróz
4.3356429982121,0.258776084139099,niebo,"NA DWORZE:",mowa,niebo
3.64718653485058,-0.475546054609523,ogień,"NA DWORZE:",mowa,ogień
5.51843639148761,0.653142984937622,piasek/piaskownica,"NA DWORZE:",mowa,piasek/piaskownica 
4.26560046578284,-1.35233352661594,płot,"NA DWORZE:",mowa,płot
4.54212025230081,-1.34597460908395,sanki,"NA DWORZE:",mowa,sanki
5.22747619439405,0.860416344132477,słońce,"NA DWORZE:",mowa,słońce
4.64267282259519,-0.883805585578762,śnieg,"NA DWORZE:",mowa,śnieg
5.90671849623908,0.615692410582069,trawa,"NA DWORZE:",mowa,trawa
4.55850139432389,-0.849155241069669,ulica,"NA DWORZE:",mowa,ulica
5.01238387508933,-0.403056411490836,wiatr,"NA DWORZE:",mowa,wiatr
4.30716459298148,1.95470427228429,woda,"NA DWORZE:",mowa,woda
4.51627013542048,-1.26457975721268,ziemia,"NA DWORZE:",mowa,ziemia
3.547808042829,-2.00012501064364,apteka,"MIEJSCA, GDZIE MOŻNA PÓJŚĆ:",mowa,apteka
4.11698170656905,2.93378165165499,dom,"MIEJSCA, GDZIE MOŻNA PÓJŚĆ:",mowa,dom
2.84234152194659,-1.73387455655216,góry,"MIEJSCA, GDZIE MOŻNA PÓJŚĆ:",mowa,góry
4.00897785132184,-1.50897744655803,imieniny/urodziny,"MIEJSCA, GDZIE MOŻNA PÓJŚĆ:",mowa,imieniny/urodziny
3.38952686446867,-0.474838251308131,kościół,"MIEJSCA, GDZIE MOŻNA PÓJŚĆ:",mowa,kościół
3.30199286382195,0.15555621122551,las,"MIEJSCA, GDZIE MOŻNA PÓJŚĆ:",mowa,las
3.62296629381184,-1.72229107739151,miasto,"MIEJSCA, GDZIE MOŻNA PÓJŚĆ:",mowa,miasto
3.15118712739755,-1.13574641703403,morze,"MIEJSCA, GDZIE MOŻNA PÓJŚĆ:",mowa,morze
3.33231051291574,0.658843111826833,na dwór/na pole,"MIEJSCA, GDZIE MOŻNA PÓJŚĆ:",mowa,na dwór/na pole 
3.98534111534014,-1.10984833804069,park/ogród,"MIEJSCA, GDZIE MOŻNA PÓJŚĆ:",mowa,park/ogród
3.35935290943951,-2.28332749474989,poczta,"MIEJSCA, GDZIE MOŻNA PÓJŚĆ:",mowa,poczta
3.25598946633705,-0.770184298118387,podwórko,"MIEJSCA, GDZIE MOŻNA PÓJŚĆ:",mowa,podwórko
3.70913857581425,0.230264961296756,praca,"MIEJSCA, GDZIE MOŻNA PÓJŚĆ:",mowa,praca
3.77957699034119,-1.84009560945411,rzeka,"MIEJSCA, GDZIE MOŻNA PÓJŚĆ:",mowa,rzeka
4.870602290034,1.21735865503425,sklep,"MIEJSCA, GDZIE MOŻNA PÓJŚĆ:",mowa,sklep
4.15694477725037,0.862110121037864,spacer,"MIEJSCA, GDZIE MOŻNA PÓJŚĆ:",mowa,spacer
4.04337717826243,0.10294509861083,szkoła/przedszkole,"MIEJSCA, GDZIE MOŻNA PÓJŚĆ:",mowa,szkoła/przedszkole
2.66103648529523,-0.962193588547557,zoo,"MIEJSCA, GDZIE MOŻNA PÓJŚĆ:",mowa,zoo
2.45602778581406,4.41139189798276,babcia,"OSOBY:",mowa,babcia
2.37683316892601,-0.686875842382074,brat,"OSOBY:",mowa,brat
4.37760034731991,0.295818724117907,chłopiec,"OSOBY:",mowa,chłopiec
2.85780610834427,2.49424277944207,ciocia,"OSOBY:",mowa,ciocia
3.58558112572187,-1.51010370779824,córeczka,"OSOBY:",mowa,córeczka
5.31389169716053,0.091753820344713,doktor/lekarz,"OSOBY:",mowa,doktor/lekarz
2.08384708934309,2.57590595516367,dziadek/dziadzio,"OSOBY:",mowa,dziadek/dziadzio 
1.84618583736405,1.92101297804769,dzidzi/dzidziuś,"OSOBY:",mowa,dzidzi/dzidziuś
3.20509627294282,1.86418484973035,dzieci,"OSOBY:",mowa,dzieci
4.21319040847614,0.676013193573614,dziewczynka,"OSOBY:",mowa,dziewczynka
4.04904464776022,-2.07693133997977,fryzjer,"OSOBY:",mowa,fryzjer
4.2956000258652,-1.20669679479479,goście,"OSOBY:",mowa,goście
2.13412608575434,0.131579826505691,[imię zwierzątka],"OSOBY:",mowa,imię zwierzątka
4.48920682801126,-1.33780359981944,kolega/koleżanka,"OSOBY:",mowa,kolega/koleżanka 
4.02425549999664,-2.19240367305175,krasnoludek,"OSOBY:",mowa,krasnoludek
4.25478101533241,-1.33413172236658,król/królewna,"OSOBY:",mowa,król/królewna 
3.41611508139924,-1.74420520232768,ksiądz,"OSOBY:",mowa,ksiądz
4.44051988895277,-1.16255888857755,ludzie,"OSOBY:",mowa,ludzie
1.21450692815484,3.6997871571232,mama/mamusia,"OSOBY:",mowa,mama/mamusia
3.19491299631723,2.5155809335788,pan,"OSOBY:",mowa,pan
3.43365272881575,1.99817350180622,pani,"OSOBY:",mowa,pani
4.22918166953087,-1.44447474165729,policjant,"OSOBY:",mowa,policjant
2.80969059695162,-0.877594645128756,siostra,"OSOBY:",mowa,siostra
3.66684845457913,-1.15855527604636,synek,"OSOBY:",mowa,synek
1.41441344346484,3.57561132847641,tata/tatuś,"OSOBY:",mowa,tata/tatuś
2.33445980583056,1.54492813539876,[własne imię],"OSOBY:",mowa,własne imię
3.06489615108855,1.08534356324234,wujek,"OSOBY:",mowa,wujek 
2.09030862484609,1.93438222849081,cześć,"FORMUŁY, ZABAWY, RUTYNOWE CZYNNOŚCI:",mowa,cześć
3.72053509529324,0.497808526157215,dzień dobry,"FORMUŁY, ZABAWY, RUTYNOWE CZYNNOŚCI:",mowa,dzień dobry 
3.37382649521123,0.341930712760774,do widzenia,"FORMUŁY, ZABAWY, RUTYNOWE CZYNNOŚCI:",mowa,do widzenia 
3.6973076036598,0.011140371174092,dobranoc,"FORMUŁY, ZABAWY, RUTYNOWE CZYNNOŚCI:",mowa,dobranoc
3.82374100467411,1.52057227624765,dziękuję,"FORMUŁY, ZABAWY, RUTYNOWE CZYNNOŚCI:",mowa,dziękuję
3.76890724200909,1.33865988753398,proszę,"FORMUŁY, ZABAWY, RUTYNOWE CZYNNOŚCI:",mowa,proszę
4.27935826331862,0.467972275063869,przepraszam,"FORMUŁY, ZABAWY, RUTYNOWE CZYNNOŚCI:",mowa,przepraszam
1.48248629764942,1.34690535035739,halo,"FORMUŁY, ZABAWY, RUTYNOWE CZYNNOŚCI:",mowa,halo
1.52220547816401,3.84515969487971,"pa, pa! ","FORMUŁY, ZABAWY, RUTYNOWE CZYNNOŚCI:",mowa,"pa, pa! "
2.02594733159231,3.21782948207314,tak,"FORMUŁY, ZABAWY, RUTYNOWE CZYNNOŚCI:",mowa,tak
1.61452187097909,3.40362992812899,nie,"FORMUŁY, ZABAWY, RUTYNOWE CZYNNOŚCI:",mowa,nie
4.41505813941089,-0.244727806922911,śniadanie,"FORMUŁY, ZABAWY, RUTYNOWE CZYNNOŚCI:",mowa,śniadanie
4.48689870831165,0.338457771760417,obiad,"FORMUŁY, ZABAWY, RUTYNOWE CZYNNOŚCI:",mowa,obiad
4.381493857992,-0.714956270535925,kolacja,"FORMUŁY, ZABAWY, RUTYNOWE CZYNNOŚCI:",mowa,kolacja
2.29192625444822,2.68551696620198,siusiu/siku/sisi,"FORMUŁY, ZABAWY, RUTYNOWE CZYNNOŚCI:",mowa,siusiu/siku/sisi
2.71960570036687,1.85010145853223,kupka,"FORMUŁY, ZABAWY, RUTYNOWE CZYNNOŚCI:",mowa,kupka
1.57493448210063,0.474593544698226,kosi-kosi łapci,"FORMUŁY, ZABAWY, RUTYNOWE CZYNNOŚCI:",mowa,kosi-kosi łapci 
2.49916920420313,-0.167928706116085,idzie rak nieborak,"FORMUŁY, ZABAWY, RUTYNOWE CZYNNOŚCI:",mowa,idzie rak nieborak 
1.73498895548265,-0.698581070826262,sroczka kaszkę warzyła,"FORMUŁY, ZABAWY, RUTYNOWE CZYNNOŚCI:",mowa,sroczka kaszkę warzyła 
0.637170762982109,1.53722709291731,be,"NAZWY CECH — PRZYMIOTNIKI:",mowa,be
4.03086164703876,-1.23147873976857,biały,"NAZWY CECH — PRZYMIOTNIKI:",mowa,biały
4.2910954644989,0.716432895349638,brudny,"NAZWY CECH — PRZYMIOTNIKI:",mowa,brudny
4.09477568764596,-0.340294772069521,brzydki,"NAZWY CECH — PRZYMIOTNIKI:",mowa,brzydki
1.05562267670696,-0.087490042395248,cacy/cacany,"NAZWY CECH — PRZYMIOTNIKI:",mowa,cacy/cacany 
5.57866053840171,0.270118174591186,chory,"NAZWY CECH — PRZYMIOTNIKI:",mowa,chory
3.72522747500528,0.334578200955553,ciepły,"NAZWY CECH — PRZYMIOTNIKI:",mowa,ciepły
4.70454896488276,-0.80715951990619,ciężki,"NAZWY CECH — PRZYMIOTNIKI:",mowa,ciężki
4.84503658487662,-1.77491296212031,czarny,"NAZWY CECH — PRZYMIOTNIKI:",mowa,czarny
4.29529308276616,-1.4221680397914,czerwony,"NAZWY CECH — PRZYMIOTNIKI:",mowa,czerwony
5.16980411405286,0.025070963320846,czysty,"NAZWY CECH — PRZYMIOTNIKI:",mowa,czysty
4.00881392982275,0.417586400723955,dobry,"NAZWY CECH — PRZYMIOTNIKI:",mowa,dobry
4.27155965731619,1.17599208591315,duży,"NAZWY CECH — PRZYMIOTNIKI:",mowa,duży
4.82510792160616,-0.402076345377092,głodny,"NAZWY CECH — PRZYMIOTNIKI:",mowa,głodny
3.35180953381552,-1.45468112837974,głupi,"NAZWY CECH — PRZYMIOTNIKI:",mowa,głupi
4.13593757546509,-0.590896123608565,kochany,"NAZWY CECH — PRZYMIOTNIKI:",mowa,kochany
4.48435861395144,-0.090265107943494,ładny,"NAZWY CECH — PRZYMIOTNIKI:",mowa,ładny
4.35751418484834,0.741226479108323,mały,"NAZWY CECH — PRZYMIOTNIKI:",mowa,mały
4.35586807999156,-2.19179933733607,mądry,"NAZWY CECH — PRZYMIOTNIKI:",mowa,mądry
4.68008756823752,-0.13390560207876,mokry,"NAZWY CECH — PRZYMIOTNIKI:",mowa,mokry
4.40200931212369,-1.06082388446483,nowy,"NAZWY CECH — PRZYMIOTNIKI:",mowa,nowy
4.62842994370709,-1.61046534268294,otwarty,"NAZWY CECH — PRZYMIOTNIKI:",mowa,otwarty
4.09074847547388,-1.52448332756826,piękny/śliczny,"NAZWY CECH — PRZYMIOTNIKI:",mowa,piękny/śliczny 
3.41771570641169,-0.404365162218113,pyszny,"NAZWY CECH — PRZYMIOTNIKI:",mowa,pyszny
3.2778804515454,-0.396452890750966,śpiący,"NAZWY CECH — PRZYMIOTNIKI:",mowa,śpiący
4.73804313418462,-0.676368090343298,umyty,"NAZWY CECH — PRZYMIOTNIKI:",mowa,umyty
4.81336871994878,-1.26311656807401,zamknięty,"NAZWY CECH — PRZYMIOTNIKI:",mowa,zamknięty
5.75326691367949,-1.12468338771437,zdrowy,"NAZWY CECH — PRZYMIOTNIKI:",mowa,zdrowy
4.21765832997308,-1.13314481584332,zepsuty,"NAZWY CECH — PRZYMIOTNIKI:",mowa,zepsuty
3.81423210217894,0.35508707992876,zimny,"NAZWY CECH — PRZYMIOTNIKI:",mowa,zimny
4.83889675689029,-1.17868859097517,zmęczony,"NAZWY CECH — PRZYMIOTNIKI:",mowa,zmęczony
3.36214697271659,-0.27942404598517,boso/na bosaka,"NAZWY CECH — PRZYSŁÓWKI:",mowa,boso/na bosaka
3.40207432572068,-0.374671016964176,brzydko,"NAZWY CECH — PRZYSŁÓWKI:",mowa,brzydko
2.63261958684672,1.42222581272921,cicho,"NAZWY CECH — PRZYSŁÓWKI:",mowa,cicho
5.31851450114015,0.903834888683078,ciemno,"NAZWY CECH — PRZYSŁÓWKI:",mowa,ciemno
4.51251916468448,0.476860531336847,ciepło,"NAZWY CECH — PRZYSŁÓWKI:",mowa,ciepło
3.86573502322538,0.506069740757614,dobrze,"NAZWY CECH — PRZYSŁÓWKI:",mowa,dobrze
5.16247159750204,-0.453157506241747,głośno,"NAZWY CECH — PRZYSŁÓWKI:",mowa,głośno
4.52604458684893,-0.331129626927505,ładnie,"NAZWY CECH — PRZYSŁÓWKI:",mowa,ładnie
4.65014546589574,-1.01961176768522,mocno,"NAZWY CECH — PRZYSŁÓWKI:",mowa,mocno
4.02424654572107,0.217160275998822,mokro,"NAZWY CECH — PRZYSŁÓWKI:",mowa,mokro
4.8077757472457,-0.368378017554573,prędko/szybko,"NAZWY CECH — PRZYSŁÓWKI:",mowa,prędko/szybko 
3.67941498407882,0.862059773593644,zimno,"NAZWY CECH — PRZYSŁÓWKI:",mowa,zimno
3.57144621437017,0.413654435942095,bać się,"NAZWY CZYNNOŚCI — CZASOWNIKI:",mowa,bać się 
5.45779345834841,1.33929950495323,bawić się,"NAZWY CZYNNOŚCI — CZASOWNIKI:",mowa,bawić się 
3.05556856702767,-0.128806905606747,bić,"NAZWY CZYNNOŚCI — CZASOWNIKI:",mowa,bić
5.77682111528182,0.268359249130595,biec/biegać,"NAZWY CZYNNOŚCI — CZASOWNIKI:",mowa,biec/biegać 
3.29273556343237,0.593413191264802,boleć,"NAZWY CZYNNOŚCI — CZASOWNIKI:",mowa,boleć
5.42616288626297,-0.411080353120876,budować,"NAZWY CZYNNOŚCI — CZASOWNIKI:",mowa,budować
3.04861297598755,-0.017945369667005,być (jest),"NAZWY CZYNNOŚCI — CZASOWNIKI:",mowa,być (jest)
4.08291964816581,-0.114815843815604,całować,"NAZWY CZYNNOŚCI — CZASOWNIKI:",mowa,całować
3.33424239633786,0.188570591033366,chcieć,"NAZWY CZYNNOŚCI — CZASOWNIKI:",mowa,chcieć
3.71012147741204,1.03833044884182,chodzić (chodź),"NAZWY CZYNNOŚCI — CZASOWNIKI:",mowa,chodzić (chodź)
3.41081165260664,-1.72851451014493,ciąć,"NAZWY CZYNNOŚCI — CZASOWNIKI:",mowa,ciąć
4.76720937796432,-1.12464123810307,cieszyć się,"NAZWY CZYNNOŚCI — CZASOWNIKI:",mowa,cieszyć się
4.93533219464984,-0.587779731468379,czekać,"NAZWY CZYNNOŚCI — CZASOWNIKI:",mowa,czekać
4.61335476722522,-0.283760923306114,czesać,"NAZWY CZYNNOŚCI — CZASOWNIKI:",mowa,czesać
4.57597605278744,-1.59458890906103,czyścić,"NAZWY CZYNNOŚCI — CZASOWNIKI:",mowa,czyścić
4.74616878102208,0.606164054208241,czytać,"NAZWY CZYNNOŚCI — CZASOWNIKI:",mowa,czytać
2.08092873719355,1.42302855377064,dać,"NAZWY CZYNNOŚCI — CZASOWNIKI:",mowa,dać
4.55544329925732,-0.425850405542846,dmuchać,"NAZWY CZYNNOŚCI — CZASOWNIKI:",mowa,dmuchać
5.1823972588654,-1.22201921428096,dostać,"NAZWY CZYNNOŚCI — CZASOWNIKI:",mowa,dostać
5.30573244707053,-1.70556670075229,drapać,"NAZWY CZYNNOŚCI — CZASOWNIKI:",mowa,drapać
4.41782495972735,0.616290694183753,dzwonić,"NAZWY CZYNNOŚCI — CZASOWNIKI:",mowa,dzwonić
4.20063497207855,-0.827706593361357,gonić,"NAZWY CZYNNOŚCI — CZASOWNIKI:",mowa,gonić
5.7148674243263,-0.447555783931198,gotować,"NAZWY CZYNNOŚCI — CZASOWNIKI:",mowa,gotować
4.66207491290677,0.012920763535393,grać,"NAZWY CZYNNOŚCI — CZASOWNIKI:",mowa,grać
5.17744468661103,-1.07175977362566,gryźć,"NAZWY CZYNNOŚCI — CZASOWNIKI:",mowa,gryźć
3.29859170823326,0.863478755424181,huśtać/bujać się,"NAZWY CZYNNOŚCI — CZASOWNIKI:",mowa,huśtać/bujać się
3.19248337022816,1.42991052301715,iść/pójść,"NAZWY CZYNNOŚCI — CZASOWNIKI:",mowa,iść/pójść
3.98838056584337,0.900369575705315,jechać/jeździć,"NAZWY CZYNNOŚCI — CZASOWNIKI:",mowa,jechać/jeździć
2.78838459811151,1.80581368849847,jeść,"NAZWY CZYNNOŚCI — CZASOWNIKI:",mowa,jeść
3.97826458420271,1.23154381507332,kąpać się,"NAZWY CZYNNOŚCI — CZASOWNIKI:",mowa,kąpać się
4.48277238561708,-0.640928594613999,kłaść/położyć,"NAZWY CZYNNOŚCI — CZASOWNIKI:",mowa,kłaść/położyć
4.38782964035799,0.355744768160445,kochać,"NAZWY CZYNNOŚCI — CZASOWNIKI:",mowa,kochać
4.51577684985195,-0.670717086531707,kopać,"NAZWY CZYNNOŚCI — CZASOWNIKI:",mowa,kopać
5.74184493672919,-0.920275955846453,krzyczeć/wołać,"NAZWY CZYNNOŚCI — CZASOWNIKI:",mowa,krzyczeć/wołać
5.96826414066492,0.213488939583649,kupić,"NAZWY CZYNNOŚCI — CZASOWNIKI:",mowa,kupić
3.40557270202877,-1.84965822562249,lać,"NAZWY CZYNNOŚCI — CZASOWNIKI:",mowa,lać
4.56752587395796,-1.2070223669635,lecieć/latać,"NAZWY CZYNNOŚCI — CZASOWNIKI:",mowa,lecieć/latać
5.63728797840879,-0.29203027570277,leżeć,"NAZWY CZYNNOŚCI — CZASOWNIKI:",mowa,leżeć
5.3129252909418,-0.49359957634533,lubić,"NAZWY CZYNNOŚCI — CZASOWNIKI:",mowa,lubić
4.6833686356726,0.149408261851853,malować,"NAZWY CZYNNOŚCI — CZASOWNIKI:",mowa,malować
2.08810542428014,0.797476130100243,mieć (ma),"NAZWY CZYNNOŚCI — CZASOWNIKI:",mowa,mieć (ma)
5.50875501803482,-2.19584802200352,mieszkać,"NAZWY CZYNNOŚCI — CZASOWNIKI:",mowa,mieszkać
4.11586723857667,-1.13483225930921,móc (może),"NAZWY CZYNNOŚCI — CZASOWNIKI:",mowa,móc (może)
5.68150622050903,-0.950405105806105,mówić/powiedzieć,"NAZWY CZYNNOŚCI — CZASOWNIKI:",mowa,mówić/powiedzieć
4.83129142996679,-1.42593062544956,musieć (musi),"NAZWY CZYNNOŚCI — CZASOWNIKI:",mowa,musieć (musi)
3.42571786475625,1.27223889369866,myć (się),"NAZWY CZYNNOŚCI — CZASOWNIKI:",mowa,myć (się)
5.18951950692869,-2.86166838129476,myśleć,"NAZWY CZYNNOŚCI — CZASOWNIKI:",mowa,myśleć
4.83552280149335,-1.63313508204928,naprawiać/reperować,"NAZWY CZYNNOŚCI — CZASOWNIKI:",mowa,naprawiać/reperować
4.78650710826067,-1.51615742372735,nazywać się,"NAZWY CZYNNOŚCI — CZASOWNIKI:",mowa,nazywać się
5.34947408444133,-1.59899406131497,nieść/nosić,"NAZWY CZYNNOŚCI — CZASOWNIKI:",mowa,nieść/nosić
5.81052435513717,-0.805251648819568,obudzić (się),"NAZWY CZYNNOŚCI — CZASOWNIKI:",mowa,obudzić (się)
5.84478766276299,-0.371254772786404,oglądać/obejrzeć,"NAZWY CZYNNOŚCI — CZASOWNIKI:",mowa,oglądać/obejrzeć
5.21635497679568,-2.03942182749655,opowiadać,"NAZWY CZYNNOŚCI — CZASOWNIKI:",mowa,opowiadać
5.38061161299754,-0.522890975467824,otworzyć,"NAZWY CZYNNOŚCI — CZASOWNIKI:",mowa,otworzyć
3.59361725773985,-1.31823090119051,palić (się),"NAZWY CZYNNOŚCI — CZASOWNIKI:",mowa,palić (się)
4.31226059817322,-0.516771136016195,patrzeć (patrz),"NAZWY CZYNNOŚCI — CZASOWNIKI:",mowa,patrzeć (patrz)
2.66710176473368,2.02774110996446,pić,"NAZWY CZYNNOŚCI — CZASOWNIKI:",mowa,pić
3.89307601532575,0.312738886792923,pisać,"NAZWY CZYNNOŚCI — CZASOWNIKI:",mowa,pisać
4.09655567069224,-2.02342386864557,pluć,"NAZWY CZYNNOŚCI — CZASOWNIKI:",mowa,pluć
4.99471436728503,0.504045764367654,płakać,"NAZWY CZYNNOŚCI — CZASOWNIKI:",mowa,płakać
5.18317796048962,-2.20914736302252,podobać się,"NAZWY CZYNNOŚCI — CZASOWNIKI:",mowa,podobać się
5.86142110297018,-1.33820587782518,pokazać,"NAZWY CZYNNOŚCI — CZASOWNIKI:",mowa,pokazać
5.79918267086258,-1.19235158184791,pomóc,"NAZWY CZYNNOŚCI — CZASOWNIKI:",mowa,pomóc
4.91827452673639,-3.09523735822979,pożyczyć,"NAZWY CZYNNOŚCI — CZASOWNIKI:",mowa,pożyczyć
5.19834409999938,-1.17732201748012,pracować,"NAZWY CZYNNOŚCI — CZASOWNIKI:",mowa,pracować
4.51159681232662,-0.888823260360525,prać,"NAZWY CZYNNOŚCI — CZASOWNIKI:",mowa,prać
4.73313452303972,-1.9450062021023,prasować,"NAZWY CZYNNOŚCI — CZASOWNIKI:",mowa,prasować
4.58644485279803,-0.4855088678446,prosić,"NAZWY CZYNNOŚCI — CZASOWNIKI:",mowa,prosić
5.53558781914305,-1.28344092601771,przyjść,"NAZWY CZYNNOŚCI — CZASOWNIKI:",mowa,przyjść
5.41205809492334,-1.25145797913699,przykryć,"NAZWY CZYNNOŚCI — CZASOWNIKI:",mowa,przykryć
5.92638825804418,-1.31772056974325,przynieść,"NAZWY CZYNNOŚCI — CZASOWNIKI:",mowa,przynieść
4.36336694099603,-1.49903210048342,puścić,"NAZWY CZYNNOŚCI — CZASOWNIKI:",mowa,puścić
5.28208502807778,-0.622057380033526,robić,"NAZWY CZYNNOŚCI — CZASOWNIKI:",mowa,robić
5.909702954774,-1.77899021342639,rozmawiać,"NAZWY CZYNNOŚCI — CZASOWNIKI:",mowa,rozmawiać
4.67229822193266,0.159435749652808,rysować,"NAZWY CZYNNOŚCI — CZASOWNIKI:",mowa,rysować
4.87134200686401,-0.725584905622214,rzucać,"NAZWY CZYNNOŚCI — CZASOWNIKI:",mowa,rzucać
6.18181518132889,-1.08771587230878,schować,"NAZWY CZYNNOŚCI — CZASOWNIKI:",mowa,schować
4.70272633081139,0.155391087875801,siedzieć,"NAZWY CZYNNOŚCI — CZASOWNIKI:",mowa,siedzieć
4.2074598861612,0.336782042564629,skakać,"NAZWY CZYNNOŚCI — CZASOWNIKI:",mowa,skakać
5.44225982361556,-2.38811701640166,skończyć,"NAZWY CZYNNOŚCI — CZASOWNIKI:",mowa,skończyć
6.11676189275466,-1.49682612010231,słyszeć/słuchać,"NAZWY CZYNNOŚCI — CZASOWNIKI:",mowa,słyszeć/słuchać
3.01926811693145,1.96840022568701,spać,"NAZWY CZYNNOŚCI — CZASOWNIKI:",mowa,spać
5.88798929404917,0.003640175944739,sprzątać,"NAZWY CZYNNOŚCI — CZASOWNIKI:",mowa,sprzątać
4.64921207164207,-0.517269444448524,stać,"NAZWY CZYNNOŚCI — CZASOWNIKI:",mowa,stać
3.93834851386849,-0.56387939601518,stukać/pukać,"NAZWY CZYNNOŚCI — CZASOWNIKI:",mowa,stukać/pukać
6.1765320373357,-0.648775883043594,szukać,"NAZWY CZYNNOŚCI — CZASOWNIKI:",mowa,szukać
4.16552157988323,-2.64047555200571,szyć,"NAZWY CZYNNOŚCI — CZASOWNIKI:",mowa,szyć
5.3466497148655,-0.622428357028348,śmiać się,"NAZWY CZYNNOŚCI — CZASOWNIKI:",mowa,śmiać się
4.21579416024886,0.170380240199991,śpiewać,"NAZWY CZYNNOŚCI — CZASOWNIKI:",mowa,śpiewać
4.02836815054879,0.77394274125589,tańczyć,"NAZWY CZYNNOŚCI — CZASOWNIKI:",mowa,tańczyć
5.86736218592425,-1.17819745291547,trzymać,"NAZWY CZYNNOŚCI — CZASOWNIKI:",mowa,trzymać
5.70544367016489,-0.061147190292388,ubrać (się),"NAZWY CZYNNOŚCI — CZASOWNIKI:",mowa,ubrać (się)
5.80176841920756,-1.03408991216897,uciekać,"NAZWY CZYNNOŚCI — CZASOWNIKI:",mowa,uciekać
5.00428963890217,-1.95274441696446,uczyć się,"NAZWY CZYNNOŚCI — CZASOWNIKI:",mowa,uczyć się
5.53522076729973,-1.71405790736652,umieć,"NAZWY CZYNNOŚCI — CZASOWNIKI:",mowa,umieć
3.40966793743558,-0.395558872302411,upaść/spaść,"NAZWY CZYNNOŚCI — CZASOWNIKI:",mowa,upaść/spaść
4.92993368545866,-0.392275318346302,usiąść/siadać,"NAZWY CZYNNOŚCI — CZASOWNIKI:",mowa,usiąść/siadać
4.86573435242302,-1.41769277514662,uściskać/ukochać,"NAZWY CZYNNOŚCI — CZASOWNIKI:",mowa,uściskać/ukochać
5.54161888250596,-2.8972827020469,wiązać,"NAZWY CZYNNOŚCI — CZASOWNIKI:",mowa,wiązać
5.34179378721487,-1.04664091057193,widzieć/zobaczyć,"NAZWY CZYNNOŚCI — CZASOWNIKI:",mowa,widzieć/zobaczyć
5.51203056557542,-2.42275637813801,wiedzieć,"NAZWY CZYNNOŚCI — CZASOWNIKI:",mowa,wiedzieć
5.83236095419385,-1.47994099629192,włożyć/założyć,"NAZWY CZYNNOŚCI — CZASOWNIKI:",mowa,włożyć/założyć
5.06682804039656,-0.790576579465586,wstawać,"NAZWY CZYNNOŚCI — CZASOWNIKI:",mowa,wstawać
5.73225503690901,-0.867006163782096,wyrzucić,"NAZWY CZYNNOŚCI — CZASOWNIKI:",mowa,wyrzucić
5.76646880295965,-1.28537672040097,wytrzeć,"NAZWY CZYNNOŚCI — CZASOWNIKI:",mowa,wytrzeć
5.24899168894498,-1.22989084218736,zamiatać,"NAZWY CZYNNOŚCI — CZASOWNIKI:",mowa,zamiatać
5.59439811447555,-0.458676620274984,zamknąć,"NAZWY CZYNNOŚCI — CZASOWNIKI:",mowa,zamknąć
5.5344330476354,-1.68791658314306,zapiąć,"NAZWY CZYNNOŚCI — CZASOWNIKI:",mowa,zapiąć
5.16827951469495,-0.880690971075188,zaświecić/zapalić,"NAZWY CZYNNOŚCI — CZASOWNIKI:",mowa,zaświecić/zapalić
5.84213340194522,-1.25379509505292,zdjąć/ściągnąć,"NAZWY CZYNNOŚCI — CZASOWNIKI:",mowa,zdjąć/ściągnąć
5.2835292993722,-0.705767525308716,zepsuć,"NAZWY CZYNNOŚCI — CZASOWNIKI:",mowa,zepsuć
5.4159251966966,-1.54737599356613,zgubić,"NAZWY CZYNNOŚCI — CZASOWNIKI:",mowa,zgubić
5.78042446163132,-2.57997931576157,złamać,"NAZWY CZYNNOŚCI — CZASOWNIKI:",mowa,złamać
6.59606387588089,-2.06346757075704,złapać,"NAZWY CZYNNOŚCI — CZASOWNIKI:",mowa,złapać
6.16182854518879,-1.33728252944865,zmęczyć się,"NAZWY CZYNNOŚCI — CZASOWNIKI:",mowa,zmęczyć się
5.01306893517322,-2.60309309238911,znać,"NAZWY CZYNNOŚCI — CZASOWNIKI:",mowa,znać
6.71221023870369,-2.28601565939218,znaleźć,"NAZWY CZYNNOŚCI — CZASOWNIKI:",mowa,znaleźć
5.35089900588747,-1.87034083358329,zostać,"NAZWY CZYNNOŚCI — CZASOWNIKI:",mowa,zostać
3.08465571848829,-0.069868126448233,(nie) da się,"NAZWY CZYNNOŚCI — CZASOWNIKI:",mowa,(nie) da się
1.88509166115485,1.96851219356813,nie ma,"NAZWY CZYNNOŚCI — CZASOWNIKI:",mowa,nie ma
3.74943798914678,-0.035984482397422,(nie) można,"NAZWY CZYNNOŚCI — CZASOWNIKI:",mowa,(nie) można
3.86096391771597,-1.32048983673388,(nie) trzeba,"NAZWY CZYNNOŚCI — CZASOWNIKI:",mowa,(nie) trzeba
2.99915868471067,0.838572047587604,(nie) wolno,"NAZWY CZYNNOŚCI — CZASOWNIKI:",mowa,(nie) wolno 
2.32113085839699,3.33023542453377,tu,"OKREŚLENIA MIEJSCA:",mowa,tu
2.10042083883275,2.19596338016832,tam,"OKREŚLENIA MIEJSCA:",mowa,tam
2.54609371306778,-1.49618422686794,tędy,"OKREŚLENIA MIEJSCA:",mowa,tędy
3.55977850049477,-3.20381754650709,stąd,"OKREŚLENIA MIEJSCA:",mowa,stąd
5.26456719489108,0.189305923838406,daleko,"OKREŚLENIA MIEJSCA:",mowa,daleko
4.99780502559938,-1.22991981341863,blisko,"OKREŚLENIA MIEJSCA:",mowa,blisko
4.13723164908674,0.434677879236802,wysoko,"OKREŚLENIA MIEJSCA:",mowa,wysoko
3.82514457781519,-1.11500735171647,nisko,"OKREŚLENIA MIEJSCA:",mowa,nisko
3.94135544450553,0.465262904683976,na górę/na górze,"OKREŚLENIA MIEJSCA:",mowa,na górę/na górze
3.92181872211462,-0.062807842912063,na dół/na dole,"OKREŚLENIA MIEJSCA:",mowa,na dół/na dole
4.21598910894442,-1.76565385703656,z tyłu/do tyłu,"OKREŚLENIA MIEJSCA:",mowa,z tyłu/do tyłu 
4.32847915793805,-2.05927582109882,z przodu/do przodu,"OKREŚLENIA MIEJSCA:",mowa,z przodu/do przodu 
4.20579501228418,-2.06317716047818,w środku,"OKREŚLENIA MIEJSCA:",mowa,w środku 
2.90348300169484,-1.69349054105287,gdzieś,"OKREŚLENIA MIEJSCA:",mowa,gdzieś
3.15846271526378,-1.91049532943474,nigdzie,"OKREŚLENIA MIEJSCA:",mowa,nigdzie
3.98131915866859,-2.90167102364302,wszędzie,"OKREŚLENIA MIEJSCA:",mowa,wszędzie 
2.24266478988684,0.679476708616476,już/już nie,"OKREŚLENIA CZASU:",mowa,już/już nie
3.16474074812879,-0.059121622936518,jeszcze/jeszcze nie,"OKREŚLENIA CZASU (w takich zdaniach jak np. „Jeszcze pisać!”, „Jeszcze raz mi to zrób!” albo „Jeszcze nie wypiłam”):",mowa,jeszcze/jeszcze nie 
3.48634684721697,0.016955616510813,teraz,"OKREŚLENIA CZASU:",mowa,teraz
3.1595370033051,-0.886799991008881,zaraz,"OKREŚLENIA CZASU:",mowa,zaraz
3.45277688379129,-1.09242310020826,potem/później,"OKREŚLENIA CZASU:",mowa,potem/później 
4.11203401186985,-2.56722899967012,znowu/znów,"OKREŚLENIA CZASU:",mowa,znowu/znów
4.11954299937509,-3.25491466579307,kiedyś,"OKREŚLENIA CZASU:",mowa,kiedyś
3.40832356767087,-2.63616780626708,nigdy,"OKREŚLENIA CZASU:",mowa,nigdy
4.19946640405901,-3.12973083538789,zawsze,"OKREŚLENIA CZASU:",mowa,zawsze
3.93532162020836,-3.3427257032371,czasem,"OKREŚLENIA CZASU:",mowa,czasem
3.97902259489202,-0.41134808738849,dzisiaj/dziś,"OKREŚLENIA CZASU:",mowa,dzisiaj/dziś
3.71471122110733,-0.591501316564607,jutro,"OKREŚLENIA CZASU (proszę zaznaczyć ‚Tak’, nawet jeśli dziecko używa tego określenia błędnie, np. „Jutro Jaś jadł lody.”):",mowa,jutro
4.0911300707292,-1.78293393140894,wczoraj,"OKREŚLENIA CZASU (proszę zaznaczyć ‚Tak’, nawet jeśli dziecko używa tego określenia błędnie, np. „Ciocia przyjdzie wczoraj”):",mowa,wczoraj
3.82485200157313,-0.776449400543329,rano,"OKREŚLENIA CZASU:",mowa,rano
4.00602864855107,-1.87864080343718,wieczorem,"OKREŚLENIA CZASU:",mowa,wieczorem
3.93404740144858,-0.271252352833983,noc/w nocy,"OKREŚLENIA CZASU:",mowa,noc/w nocy
4.05255404853767,-0.784792782223508,dzień,"OKREŚLENIA CZASU:",mowa,dzień
3.78924884594146,-2.10754580805228,godzina,"OKREŚLENIA CZASU:",mowa,godzina
4.65345454277491,2.00599974105743,dużo,"OKREŚLENIA MIARY:",mowa,dużo
3.96783375404558,1.07575771857276,mało,"OKREŚLENIA MIARY:",mowa,mało
4.00886166345096,-1.33746665982771,trochę/troszkę,"OKREŚLENIA MIARY:",mowa,trochę/troszkę
2.53258406099896,-1.1012205756986,tyle,"OKREŚLENIA MIARY:",mowa,tyle
4.49806215983094,-2.17342102257557,więcej,"OKREŚLENIA MIARY:",mowa,więcej
3.10374634130147,0.404400664591483,jeszcze,"OKREŚLENIA MIARY (w takich zdaniach jak np. „Jeszcze mleka!”, „Jeszcze jedną truskawkę mi daj!”):",mowa,jeszcze
4.64303449847879,-1.94093433219875,wszystko/wszyscy,"OKREŚLENIA MIARY:",mowa,wszystko/wszyscy
2.97535684625255,-1.01632697893747,inny,"OKREŚLENIA MIARY:",mowa,inny
3.10173745097583,-0.74721005300739,drugi,"OKREŚLENIA MIARY:",mowa,drugi
3.94698815864025,-1.30123978604924,cały,"OKREŚLENIA MIARY:",mowa,cały
4.48663551949102,-1.33182254261444,bardzo,"OKREŚLENIA MIARY:",mowa,bardzo
4.76669166415529,-2.34557113030468,tylko,"OKREŚLENIA MIARY (w takich zdaniach jak np. „Zjem tylko serek”):",mowa,tylko
2.69727075137562,1.00859642162995,sam/sama,"OKREŚLENIA MIARY:",mowa,sam/sama
4.36770116381186,-1.36930569151781,razem,"OKREŚLENIA MIARY:",mowa,razem
2.70931713652972,-0.963107117358413,też,"OKREŚLENIA MIARY:",mowa,też
2.45196398665512,-1.43480013809239,dosyć/dość,"OKREŚLENIA MIARY:",mowa,dosyć/dość
3.3823276421025,-1.26180028452241,za (np. za dużo),"OKREŚLENIA MIARY:",mowa,za (np. za dużo) 
4.21079618461085,-3.30746147946005,każdy,"OKREŚLENIA MIARY:",mowa,każdy
3.73523124787655,-4.3386130959317,niektóry,"OKREŚLENIA MIARY:",mowa,niektóry 
3.93322964179434,-3.63905129755436,żaden,"OKREŚLENIA MIARY:",mowa,żaden 
2.12380920868333,2.48308201705706,ja/mnie/mi,"ZAIMKI OSOBOWE I DZIERŻAWCZE:",mowa,ja/mnie/mi
2.39062374672232,0.990103512098452,ty/cię/ci,"ZAIMKI OSOBOWE I DZIERŻAWCZE:",mowa,ty/cię/ci
2.30079137834819,-0.277021588402885,on/go/mu,"ZAIMKI OSOBOWE I DZIERŻAWCZE:",mowa,on/go/mu
2.73144491324221,-0.796887873972582,ona/ją/jej,"ZAIMKI OSOBOWE I DZIERŻAWCZE:",mowa,ona/ją/jej
2.92674814150248,-0.899132586354132,my/nas/nam,"ZAIMKI OSOBOWE I DZIERŻAWCZE:",mowa,my/nas/nam
2.93840022263041,-2.01629933053455,wy/was/wam,"ZAIMKI OSOBOWE I DZIERŻAWCZE:",mowa,wy/was/wam
2.87781608566578,-2.03937627497379,oni/one/ich/je/im,"ZAIMKI OSOBOWE I DZIERŻAWCZE:",mowa,oni/one/ich/je/im
2.72416198109753,-2.53106014105177,się,"ZAIMKI OSOBOWE I DZIERŻAWCZE:",mowa,się
2.97818222272513,-3.16538192041397,sobie,"ZAIMKI OSOBOWE I DZIERŻAWCZE:",mowa,sobie
2.7819129260491,1.12541874565439,mój,"ZAIMKI OSOBOWE I DZIERŻAWCZE:",mowa,mój
3.32368687850024,-0.70507586070662,twój,"ZAIMKI OSOBOWE I DZIERŻAWCZE:",mowa,twój
2.89302674086735,-2.11809131240848,jego,"ZAIMKI OSOBOWE I DZIERŻAWCZE:",mowa,jego
2.77243133169853,-2.06953731458602,jej,"ZAIMKI OSOBOWE I DZIERŻAWCZE:",mowa,jej
3.29965464293604,-1.60180742952237,nasz,"ZAIMKI OSOBOWE I DZIERŻAWCZE:",mowa,nasz
3.32453568555036,-3.12434164525672,wasz,"ZAIMKI OSOBOWE I DZIERŻAWCZE:",mowa,wasz
3.23678627991318,-3.25458262693598,ich,"ZAIMKI OSOBOWE I DZIERŻAWCZE:",mowa,ich
3.13586815225647,-3.1265262916539,swój,"ZAIMKI OSOBOWE I DZIERŻAWCZE:",mowa,swój
1.96966737033178,2.41053105963105,to,"ZAIMKI WSKAZUJĄCE I NIEOKREŚLONE:",mowa,to
2.75731973320999,-0.819829022635456,coś,"ZAIMKI WSKAZUJĄCE I NIEOKREŚLONE:",mowa,coś
3.12529021714984,-1.53807811011386,ktoś,"ZAIMKI WSKAZUJĄCE I NIEOKREŚLONE:",mowa,ktoś
2.45843573182704,0.628628130952141,nic,"ZAIMKI WSKAZUJĄCE I NIEOKREŚLONE:",mowa,nic
3.65283305538249,-2.25115277699149,nikt,"ZAIMKI WSKAZUJĄCE I NIEOKREŚLONE:",mowa,nikt
2.00399095866144,0.002600062082636,ten,"ZAIMKI WSKAZUJĄCE I NIEOKREŚLONE:",mowa,ten
2.97860921514919,-2.07166558809217,tamten,"ZAIMKI WSKAZUJĄCE I NIEOKREŚLONE:",mowa,tamten
2.91899078486782,-1.00262475106854,taki,"ZAIMKI WSKAZUJĄCE I NIEOKREŚLONE:",mowa,taki
3.73979498479254,-2.96501378580167,jakiś,"ZAIMKI WSKAZUJĄCE I NIEOKREŚLONE:",mowa,jakiś
2.61349718358445,1.51073568767995,co to?/co to jest?,"PYTANIA:",mowa,co to?/co to jest? 
2.16753646091808,0.942074043748081,co?,"PYTANIA:",mowa,co?
4.42984667146264,-0.230231753376638,co robi?,"PYTANIA:",mowa,co robi? 
3.16502661631697,0.179663090419979,kto?,"PYTANIA:",mowa,kto?
3.63710627101975,-2.46972061309578,czyj?,"PYTANIA:",mowa,czyj?
3.54670179655691,0.253767731412503,gdzie?,"PYTANIA:",mowa,gdzie?
4.33494508247377,-1.71724064161852,kiedy?,"PYTANIA:",mowa,kiedy?
3.39411081630372,-1.11614190278682,jak?,"PYTANIA:",mowa,jak?
4.16271006233428,-1.13565673786282,dlaczego?/czemu?,"PYTANIA:",mowa,dlaczego?/czemu?
3.34412860349084,-0.970521189192451,po co?/na co?,"PYTANIA:",mowa,po co?/na co?
3.87713431680042,-1.23048330433875,jaki?,"PYTANIA:",mowa,jaki?
4.07679356679518,-2.5211746812629,który?,"PYTANIA:",mowa,który?
3.46917694553137,-1.45380483763841,ile?,"PYTANIA:",mowa,ile?
3.05410408773102,-1.36926899577204,chyba,"PRZYSŁÓWKI MODALNE:",mowa,chyba
3.23553271060528,-1.34901089227881,może,"PRZYSŁÓWKI MODALNE:",mowa,może
3.67125675659794,-2.88219127018312,na pewno,"PRZYSŁÓWKI MODALNE:",mowa,na pewno
3.51186947917654,-2.31698303685617,naprawdę,"PRZYSŁÓWKI MODALNE:",mowa,naprawdę
3.25252830775269,-2.9532715129329,pewnie,"PRZYSŁÓWKI MODALNE:",mowa,pewnie
3.58432015306617,-3.28263039838487,przecież,"PRZYSŁÓWKI MODALNE:",mowa,przecież
3.08215051955002,-3.22521978735366,w ogóle,"PRZYSŁÓWKI MODALNE:",mowa,w ogóle
3.36780908873579,-2.68112794028725,właśnie,"PRZYSŁÓWKI MODALNE:",mowa,właśnie
3.33269825246201,-0.509093143219221,bez (np. bez czapki),"PRZYIMKI:",mowa,bez (np. bez czapki)
3.78022926041629,0.286808568476543,dla (np. dla mamy),"PRZYIMKI:",mowa,dla (np. dla mamy)
3.48992833817464,0.862280354819634,"do (np. do pracy, do babci)","PRZYIMKI:",mowa,"do (np. do pracy, do babci)"
3.45182633524592,0.344776283960324,na (np. na stole),"PRZYIMKI:",mowa,na (np. na stole)
3.62386897825302,-1.54126000041533,"koło/obok (np. koło szafy, obok taty)","PRZYIMKI:",mowa,"koło/obok (np. koło szafy, obok taty)"
3.90854309904656,-0.405820845608759,od (np. od wujka),"PRZYIMKI:",mowa,od (np. od wujka)
3.45418053721876,-1.02879534458462,"po (np. po lesie, po wodę)","PRZYIMKI:",mowa,"po (np. po lesie, po wodę)"
3.89659203875466,-1.04755919330334,pod (np.pod stołem),"PRZYIMKI:",mowa,pod (np.pod stołem)
4.14577808590789,-2.72758839523564,"przed (np. przed sklepem, przed obiadem)","PRZYIMKI:",mowa,"przed (np. przed sklepem, przed obiadem)"
2.9688360991822,0.046725748863478,u (np. u cioci),"PRZYIMKI:",mowa,u (np. u cioci)
3.79589192471158,-0.277720894917132,w (np. w kuchni),"PRZYIMKI:",mowa,w (np. w kuchni)
3.40470546360706,-1.34152735355004,za (np. za szafą),"PRZYIMKI:",mowa,za (np. za szafą)
3.38561915442218,0.139430295024228,"z (np. z tatusiem, z cukrem)","PRZYIMKI:",mowa,"z (np. z tatusiem, z cukrem)"
3.50554019742621,-1.153008710625,z (np. z łazienki),"PRZYIMKI:",mowa,z (np. z łazienki) 
1.337865853172,0.046139907342119,a,"SPÓJNIKI:",mowa,a
3.35498390729411,-2.15988841870062,albo,"SPÓJNIKI:",mowa,albo
2.91240123074844,-1.32333801869945,ale,"SPÓJNIKI:",mowa,ale
2.46563025537255,-0.841863135477795,bo,"SPÓJNIKI:",mowa,bo
2.02550471497055,0.022518442941934,i,"SPÓJNIKI:",mowa,i
3.02023115370166,-1.70377091058434,jak - (to),"SPÓJNIKI (w takich zdaniach jak np. „Jak mama przyjdzie, (to) da mi jeść”):",mowa,jak - (to)
3.72219666689763,-2.09252855552428,tylko,"SPÓJNIKI (w takich zdaniach jak np. „To nie pies, tylko kot”):",mowa,tylko 
3.19121311520013,-2.16410989460302,że,"SPÓJNIKI:",mowa,że 
3.77506260473935,-3.15430829359377,żeby,"SPÓJNIKI:",mowa,żeby
